job_title,company_name,time_posted,num_applicants
Python Developer (FastAPI Developer),Schbang,3 weeks ago,186 applicants
Python Developer (Fast API),Schbang,1 week ago,
Python Developer Trainee {New Batch},Pixelfactor Solutions,4 weeks ago,
Python Developer,E2M,2 months ago,112 applicants
Python Developer,Huptech HR Solutions,3 weeks ago,
Python Developer,i2TECHS,4 months ago,
Core Python Developer,Cloudesign,3 weeks ago,34 applicants
Software Engineer-Python,Sigma Infosolutions Ltd.,3 weeks ago,31 applicants
Python Developer,AviinTech Business Solutions,1 month ago,
Python Developer,AxisTechnolabs,5 months ago,
